notification_id,user_id,notification_type,notification_content,project_id,has_read,notification_time,submit_id
1,1,2,您收到一条项目邀请,1,0,2018-12-30,
2,2,2,您收到一条项目邀请,1,0,2018-12-31,
3,3,2,您收到一条项目邀请,1,0,2019-01-01,
4,4,2,您收到一条项目邀请,1,0,2019-01-02,
5,5,2,您收到一条项目邀请,1,0,2019-01-03,
6,6,2,您收到一条项目邀请,1,0,2019-01-04,
7,7,2,您收到一条项目邀请,1,0,2019-01-05,
8,8,2,您收到一条项目邀请,1,0,2019-01-06,
9,9,2,您收到一条项目邀请,1,0,2019-01-07,
10,10,2,您收到一条项目邀请,1,0,2019-01-08,
11,11,2,您收到一条项目邀请,1,0,2019-01-09,
12,12,2,您收到一条项目邀请,1,0,2019-01-10,
13,13,2,您收到一条项目邀请,1,0,2019-01-11,
14,14,2,您收到一条项目邀请,1,0,2019-01-12,
15,15,2,您收到一条项目邀请,1,0,2019-01-13,
16,16,2,您收到一条项目邀请,1,0,2019-01-14,
17,17,2,您收到一条项目邀请,1,0,2019-01-15,
18,18,2,您收到一条项目邀请,1,0,2019-01-16,
19,19,2,您收到一条项目邀请,1,0,2019-01-17,
20,20,2,您收到一条项目邀请,1,0,2019-01-18,
21,21,2,您收到一条项目邀请,1,0,2019-01-19,
22,22,2,您收到一条项目邀请,1,0,2019-01-20,
23,23,2,您收到一条项目邀请,1,0,2019-01-21,
24,24,2,您收到一条项目邀请,1,0,2019-01-22,
25,25,2,您收到一条项目邀请,1,0,2019-01-23,
26,26,2,您收到一条项目邀请,1,0,2019-01-24,
27,27,2,您收到一条项目邀请,1,0,2019-01-25,
28,28,2,您收到一条项目邀请,1,0,2019-01-26,
29,29,2,您收到一条项目邀请,1,0,2019-01-27,
30,30,2,您收到一条项目邀请,1,0,2019-01-28,
31,31,2,您收到一条项目邀请,1,0,2019-01-29,
32,32,2,您收到一条项目邀请,1,0,2019-01-30,
33,33,2,您收到一条项目邀请,2,0,2019-02-01,
34,34,2,您收到一条项目邀请,2,0,2019-02-02,
35,35,2,您收到一条项目邀请,2,0,2019-02-03,
36,36,2,您收到一条项目邀请,2,0,2019-02-04,
37,37,2,您收到一条项目邀请,2,0,2019-02-05,
38,38,2,您收到一条项目邀请,2,0,2019-02-06,
39,39,2,您收到一条项目邀请,2,0,2019-02-07,
40,40,2,您收到一条项目邀请,2,0,2019-02-08,
41,41,2,您收到一条项目邀请,2,0,2019-02-09,
42,42,2,您收到一条项目邀请,2,0,2019-02-10,
43,43,2,您收到一条项目邀请,2,0,2019-02-11,
44,44,2,您收到一条项目邀请,2,0,2019-02-12,
45,45,2,您收到一条项目邀请,2,0,2019-02-13,
46,46,2,您收到一条项目邀请,2,0,2019-02-14,
47,47,2,您收到一条项目邀请,2,0,2019-02-15,
48,48,2,您收到一条项目邀请,2,0,2019-02-16,
49,49,2,您收到一条项目邀请,2,0,2019-02-17,
50,50,2,您收到一条项目邀请,2,0,2019-02-18,
51,51,2,您收到一条项目邀请,2,0,2019-02-19,
52,52,2,您收到一条项目邀请,2,0,2019-02-20,
53,53,2,您收到一条项目邀请,2,0,2019-02-21,
54,54,2,您收到一条项目邀请,2,0,2019-02-22,
55,55,2,您收到一条项目邀请,2,0,2019-02-23,
56,56,2,您收到一条项目邀请,2,0,2019-02-24,
57,57,2,您收到一条项目邀请,5,0,2019-02-25,
58,58,2,您收到一条项目邀请,5,0,2019-02-26,
59,59,2,您收到一条项目邀请,5,0,2019-02-27,
60,60,2,您收到一条项目邀请,5,0,2019-02-28,
61,61,2,您收到一条项目邀请,5,0,2019-03-01,
62,62,2,您收到一条项目邀请,5,0,2019-03-02,
63,63,2,您收到一条项目邀请,5,0,2019-03-03,
64,64,2,您收到一条项目邀请,5,0,2019-03-04,
65,65,2,您收到一条项目邀请,5,0,2019-03-05,
66,66,2,您收到一条项目邀请,5,0,2019-03-06,
67,67,2,您收到一条项目邀请,5,0,2019-03-07,
68,68,2,您收到一条项目邀请,5,0,2019-03-08,
69,69,2,您收到一条项目邀请,5,0,2019-03-09,
70,70,2,您收到一条项目邀请,5,0,2019-03-10,
71,71,2,您收到一条项目邀请,5,0,2019-03-11,
72,72,2,您收到一条项目邀请,5,0,2019-03-12,
73,73,2,您收到一条项目邀请,5,0,2019-03-13,
74,74,2,您收到一条项目邀请,5,0,2019-03-14,
75,75,2,您收到一条项目邀请,5,0,2019-03-15,
76,76,2,您收到一条项目邀请,5,0,2019-03-16,
77,77,2,您收到一条项目邀请,5,0,2019-03-17,
78,78,2,您收到一条项目邀请,5,0,2019-03-18,
79,79,2,您收到一条项目邀请,5,0,2019-03-19,
80,80,2,您收到一条项目邀请,5,0,2019-03-20,
81,81,2,您收到一条项目邀请,5,0,2019-03-21,
82,82,2,您收到一条项目邀请,5,0,2019-03-22,
83,83,2,您收到一条项目邀请,5,0,2019-03-23,
84,84,2,您收到一条项目邀请,5,0,2019-03-24,
85,85,2,您收到一条项目邀请,3,0,2019-03-25,
86,86,2,您收到一条项目邀请,3,0,2019-03-26,
87,87,2,您收到一条项目邀请,3,0,2019-03-27,
88,88,2,您收到一条项目邀请,3,0,2019-03-28,
89,89,2,您收到一条项目邀请,3,0,2019-03-29,
90,90,2,您收到一条项目邀请,3,0,2019-03-30,
91,91,2,您收到一条项目邀请,3,0,2019-03-31,
92,92,2,您收到一条项目邀请,3,0,2019-04-01,
93,93,2,您收到一条项目邀请,3,0,2019-04-02,
94,94,2,您收到一条项目邀请,3,0,2019-04-03,
95,95,2,您收到一条项目邀请,3,0,2019-04-04,
96,96,2,您收到一条项目邀请,3,0,2019-04-05,
97,97,2,您收到一条项目邀请,3,0,2019-04-06,
98,98,2,您收到一条项目邀请,3,0,2019-04-07,
99,99,2,您收到一条项目邀请,3,0,2019-04-08,
100,100,2,您收到一条项目邀请,3,0,2019-04-09,
101,1,2,您收到一条项目邀请,3,0,2019-04-10,
102,2,2,您收到一条项目邀请,3,0,2019-04-11,
103,3,2,您收到一条项目邀请,3,0,2019-04-12,
104,4,2,您收到一条项目邀请,3,0,2019-04-13,
105,5,2,您收到一条项目邀请,3,0,2019-04-14,
106,6,2,您收到一条项目邀请,3,0,2019-04-15,
107,7,2,您收到一条项目邀请,6,0,2019-04-16,
108,8,2,您收到一条项目邀请,6,0,2019-04-17,
109,9,2,您收到一条项目邀请,6,0,2019-04-18,
110,10,2,您收到一条项目邀请,6,0,2019-04-19,
111,11,2,您收到一条项目邀请,6,0,2019-04-20,
112,12,2,您收到一条项目邀请,6,0,2019-04-21,
113,13,2,您收到一条项目邀请,6,0,2019-04-22,
114,14,2,您收到一条项目邀请,6,0,2019-04-23,
115,15,2,您收到一条项目邀请,6,0,2019-04-24,
116,16,2,您收到一条项目邀请,6,0,2019-04-25,
117,17,2,您收到一条项目邀请,6,0,2019-04-26,
118,18,2,您收到一条项目邀请,6,0,2019-04-27,
119,19,2,您收到一条项目邀请,6,0,2019-04-28,
120,20,2,您收到一条项目邀请,6,0,2019-04-29,
121,21,2,您收到一条项目邀请,6,0,2019-04-30,
122,22,2,您收到一条项目邀请,6,0,2019-05-01,
123,23,2,您收到一条项目邀请,6,0,2019-05-02,
124,24,2,您收到一条项目邀请,6,0,2019-05-03,
125,25,2,您收到一条项目邀请,6,0,2019-05-04,
126,26,2,您收到一条项目邀请,6,0,2019-05-05,
127,27,2,您收到一条项目邀请,6,0,2019-05-06,
128,28,2,您收到一条项目邀请,6,0,2019-05-07,
129,29,2,您收到一条项目邀请,6,0,2019-05-08,
130,30,2,您收到一条项目邀请,6,0,2019-05-09,
131,31,2,您收到一条项目邀请,6,0,2019-05-10,
132,32,2,您收到一条项目邀请,6,0,2019-05-11,
133,33,2,您收到一条项目邀请,3,0,2019-05-12,
134,34,2,您收到一条项目邀请,3,0,2019-05-13,
135,35,2,您收到一条项目邀请,3,0,2019-05-14,
136,36,2,您收到一条项目邀请,3,0,2019-05-15,
137,37,2,您收到一条项目邀请,3,0,2019-05-16,
138,38,2,您收到一条项目邀请,3,0,2019-05-17,
139,39,2,您收到一条项目邀请,3,0,2019-05-18,
140,40,2,您收到一条项目邀请,3,0,2019-05-19,
141,41,2,您收到一条项目邀请,3,0,2019-05-20,
142,42,2,您收到一条项目邀请,3,0,2019-05-21,
143,43,2,您收到一条项目邀请,3,0,2019-05-22,
144,44,2,您收到一条项目邀请,3,0,2019-05-23,
145,45,2,您收到一条项目邀请,3,0,2019-05-24,
146,46,2,您收到一条项目邀请,3,0,2019-05-25,
147,47,2,您收到一条项目邀请,3,0,2019-05-26,
148,48,2,您收到一条项目邀请,3,0,2019-05-27,
149,49,2,您收到一条项目邀请,3,0,2019-05-28,
150,50,2,您收到一条项目邀请,3,0,2019-05-29,
151,51,2,您收到一条项目邀请,3,0,2019-05-30,
152,52,2,您收到一条项目邀请,3,0,2019-05-31,
153,53,2,您收到一条项目邀请,3,0,2019-06-01,
154,54,2,您收到一条项目邀请,3,0,2019-06-02,
155,55,2,您收到一条项目邀请,3,0,2019-06-03,
156,56,2,您收到一条项目邀请,3,0,2019-06-04,
157,57,2,您收到一条项目邀请,3,0,2019-06-05,
158,58,2,您收到一条项目邀请,3,0,2019-06-06,
159,59,2,您收到一条项目邀请,3,0,2019-06-07,
160,60,2,您收到一条项目邀请,3,0,2019-06-08,
161,61,2,您收到一条项目邀请,3,0,2019-06-09,
162,62,2,您收到一条项目邀请,3,0,2019-06-10,
163,63,2,您收到一条项目邀请,3,0,2019-06-11,
164,64,2,您收到一条项目邀请,7,0,2019-06-12,
165,65,2,您收到一条项目邀请,7,0,2019-06-13,
166,66,2,您收到一条项目邀请,7,0,2019-06-14,
167,67,2,您收到一条项目邀请,7,0,2019-06-15,
168,68,2,您收到一条项目邀请,7,0,2019-06-16,
169,69,2,您收到一条项目邀请,7,0,2019-06-17,
170,70,2,您收到一条项目邀请,7,0,2019-06-18,
171,71,2,您收到一条项目邀请,7,0,2019-06-19,
172,72,2,您收到一条项目邀请,7,0,2019-06-20,
173,73,2,您收到一条项目邀请,7,0,2019-06-21,
174,74,2,您收到一条项目邀请,7,0,2019-06-22,
175,75,2,您收到一条项目邀请,7,0,2019-06-23,
176,76,2,您收到一条项目邀请,7,0,2019-06-24,
177,77,2,您收到一条项目邀请,7,0,2019-06-25,
178,78,2,您收到一条项目邀请,7,0,2019-06-26,
179,79,2,您收到一条项目邀请,7,0,2019-06-27,
180,80,2,您收到一条项目邀请,7,0,2019-06-28,
181,81,2,您收到一条项目邀请,7,0,2019-06-29,
182,82,2,您收到一条项目邀请,7,0,2019-06-30,
183,83,2,您收到一条项目邀请,7,0,2019-07-01,
184,84,2,您收到一条项目邀请,7,0,2019-07-02,
185,85,2,您收到一条项目邀请,7,0,2019-07-03,
186,86,2,您收到一条项目邀请,7,0,2019-07-04,
187,87,2,您收到一条项目邀请,8,0,2019-07-05,
188,88,2,您收到一条项目邀请,8,0,2019-07-06,
189,89,2,您收到一条项目邀请,8,0,2019-07-07,
190,90,2,您收到一条项目邀请,8,0,2019-07-08,
191,91,2,您收到一条项目邀请,8,0,2019-07-09,
192,92,2,您收到一条项目邀请,8,0,2019-07-10,
193,93,2,您收到一条项目邀请,8,0,2019-07-11,
194,94,2,您收到一条项目邀请,8,0,2019-07-12,
195,95,2,您收到一条项目邀请,8,0,2019-07-13,
196,96,2,您收到一条项目邀请,8,0,2019-07-14,
197,97,2,您收到一条项目邀请,8,0,2019-07-15,
198,98,2,您收到一条项目邀请,8,0,2019-07-16,
199,99,2,您收到一条项目邀请,8,0,2019-07-17,
200,100,2,您收到一条项目邀请,8,0,2019-07-18,
201,1,2,您收到一条项目邀请,8,0,2019-07-19,
202,2,2,您收到一条项目邀请,8,0,2019-07-20,
203,3,2,您收到一条项目邀请,8,0,2019-07-21,
204,4,2,您收到一条项目邀请,8,0,2019-07-22,
205,5,2,您收到一条项目邀请,8,0,2019-07-23,
206,6,2,您收到一条项目邀请,8,0,2019-07-24,
207,7,2,您收到一条项目邀请,8,0,2019-07-25,
208,8,2,您收到一条项目邀请,8,0,2019-07-26,
209,9,2,您收到一条项目邀请,8,0,2019-07-27,
210,10,2,您收到一条项目邀请,8,0,2019-07-28,
211,11,2,您收到一条项目邀请,8,0,2019-07-29,
212,12,2,您收到一条项目邀请,8,0,2019-07-30,
213,13,2,您收到一条项目邀请,8,0,2019-07-31,
214,14,2,您收到一条项目邀请,8,0,2019-08-01,
215,15,2,您收到一条项目邀请,8,0,2019-08-02,
216,16,2,您收到一条项目邀请,8,0,2019-08-03,
217,17,2,您收到一条项目邀请,8,0,2019-08-04,
218,18,2,您收到一条项目邀请,8,0,2019-08-05,
219,19,2,您收到一条项目邀请,8,0,2019-08-06,
220,20,2,您收到一条项目邀请,9,0,2019-08-07,
221,21,2,您收到一条项目邀请,9,0,2019-08-08,
222,22,2,您收到一条项目邀请,9,0,2019-08-09,
223,23,2,您收到一条项目邀请,9,0,2019-08-10,
224,24,2,您收到一条项目邀请,9,0,2019-08-11,
225,25,2,您收到一条项目邀请,9,0,2019-08-12,
226,26,2,您收到一条项目邀请,9,0,2019-08-13,
227,27,2,您收到一条项目邀请,9,0,2019-08-14,
228,28,2,您收到一条项目邀请,9,0,2019-08-15,
229,29,2,您收到一条项目邀请,9,0,2019-08-16,
230,30,2,您收到一条项目邀请,9,0,2019-08-17,
231,31,2,您收到一条项目邀请,9,0,2019-08-18,
232,32,2,您收到一条项目邀请,9,0,2019-08-19,
233,33,2,您收到一条项目邀请,9,0,2019-08-20,
234,34,2,您收到一条项目邀请,9,0,2019-08-21,
235,35,2,您收到一条项目邀请,9,0,2019-08-22,
236,36,2,您收到一条项目邀请,9,0,2019-08-23,
237,37,2,您收到一条项目邀请,9,0,2019-08-24,
238,38,2,您收到一条项目邀请,9,0,2019-08-25,
239,39,2,您收到一条项目邀请,9,0,2019-08-26,
240,40,2,您收到一条项目邀请,9,0,2019-08-27,
241,41,2,您收到一条项目邀请,4,0,2019-08-28,
242,42,2,您收到一条项目邀请,4,0,2019-08-29,
243,43,2,您收到一条项目邀请,4,0,2019-08-30,
244,44,2,您收到一条项目邀请,4,0,2019-08-31,
245,45,2,您收到一条项目邀请,4,0,2019-09-01,
246,46,2,您收到一条项目邀请,4,0,2019-09-02,
247,47,2,您收到一条项目邀请,4,0,2019-09-03,
248,48,2,您收到一条项目邀请,4,0,2019-09-04,
249,49,2,您收到一条项目邀请,4,0,2019-09-05,
250,50,2,您收到一条项目邀请,4,0,2019-09-06,
251,51,2,您收到一条项目邀请,4,0,2019-09-07,
252,52,2,您收到一条项目邀请,4,0,2019-09-08,
253,53,2,您收到一条项目邀请,4,0,2019-09-09,
254,54,2,您收到一条项目邀请,4,0,2019-09-10,
255,55,2,您收到一条项目邀请,4,0,2019-09-11,
256,56,2,您收到一条项目邀请,4,0,2019-09-12,
257,57,2,您收到一条项目邀请,4,0,2019-09-13,
258,58,2,您收到一条项目邀请,4,0,2019-09-14,
259,59,2,您收到一条项目邀请,4,0,2019-09-15,
260,60,2,您收到一条项目邀请,4,0,2019-09-16,
261,61,2,您收到一条项目邀请,4,0,2019-09-17,
262,62,2,您收到一条项目邀请,4,0,2019-09-18,
263,63,2,您收到一条项目邀请,4,0,2019-09-19,
264,64,2,您收到一条项目邀请,4,0,2019-09-20,
265,65,2,您收到一条项目邀请,4,0,2019-09-21,
266,66,2,您收到一条项目邀请,4,0,2019-09-22,
267,67,2,您收到一条项目邀请,4,0,2019-09-23,
268,68,2,您收到一条项目邀请,4,0,2019-09-24,
269,69,2,您收到一条项目邀请,4,0,2019-09-25,
270,70,2,您收到一条项目邀请,4,0,2019-09-26,
271,71,2,您收到一条项目邀请,4,0,2019-09-27,
272,72,2,您收到一条项目邀请,4,0,2019-09-28,
273,73,2,您收到一条项目邀请,10,0,2019-09-29,
274,74,2,您收到一条项目邀请,10,0,2019-09-30,
275,75,2,您收到一条项目邀请,10,0,2019-10-01,
276,76,2,您收到一条项目邀请,10,0,2019-10-02,
277,77,2,您收到一条项目邀请,10,0,2019-10-03,
278,78,2,您收到一条项目邀请,10,0,2019-10-04,
279,79,2,您收到一条项目邀请,10,0,2019-10-05,
280,80,2,您收到一条项目邀请,10,0,2019-10-06,
281,81,2,您收到一条项目邀请,10,0,2019-10-07,
282,82,2,您收到一条项目邀请,10,0,2019-10-08,
283,83,2,您收到一条项目邀请,10,0,2019-10-09,
284,84,2,您收到一条项目邀请,10,0,2019-10-10,
285,85,2,您收到一条项目邀请,10,0,2019-10-11,
286,86,2,您收到一条项目邀请,10,0,2019-10-12,
287,87,2,您收到一条项目邀请,10,0,2019-10-13,
288,88,2,您收到一条项目邀请,10,0,2019-10-14,
289,89,2,您收到一条项目邀请,10,0,2019-10-15,
290,90,2,您收到一条项目邀请,10,0,2019-10-16,
291,91,2,您收到一条项目邀请,10,0,2019-10-17,
292,92,2,您收到一条项目邀请,10,0,2019-10-18,
293,93,2,您收到一条项目邀请,10,0,2019-10-19,
294,94,2,您收到一条项目邀请,10,0,2019-10-20,
295,95,2,您收到一条项目邀请,10,0,2019-10-21,
296,96,2,您收到一条项目邀请,10,0,2019-10-22,
297,97,2,您收到一条项目邀请,10,0,2019-10-23,
298,98,2,您收到一条项目邀请,10,0,2019-10-24,
299,99,2,您收到一条项目邀请,10,0,2019-10-25,
300,100,2,您收到一条项目邀请,10,0,2019-10-26,
301,1,2,您收到一条项目邀请,10,0,2019-10-27,
302,2,2,您收到一条项目邀请,10,0,2019-10-28,
303,3,2,您收到一条项目邀请,10,0,2019-10-29,
304,4,2,您收到一条项目邀请,10,0,2019-10-30,
305,5,2,您收到一条项目邀请,10,0,2019-10-31,
306,6,2,您收到一条项目邀请,10,0,2019-11-01,
307,7,2,您收到一条项目邀请,10,0,2019-11-02,
308,8,2,您收到一条项目邀请,10,0,2019-11-03,
309,9,2,您收到一条项目邀请,10,0,2019-11-04,
310,10,2,您收到一条项目邀请,10,0,2019-11-05,
311,11,2,您收到一条项目邀请,10,0,2019-11-06,
312,12,2,您收到一条项目邀请,10,0,2019-11-07,
313,13,2,您收到一条项目邀请,10,0,2019-11-08,
314,14,2,您收到一条项目邀请,10,0,2019-11-09,
315,15,2,您收到一条项目邀请,10,0,2019-11-10,
316,16,2,您收到一条项目邀请,10,0,2019-11-11,
317,17,2,您收到一条项目邀请,10,0,2019-11-12,
318,18,2,您收到一条项目邀请,10,0,2019-11-13,
319,19,2,您收到一条项目邀请,10,0,2019-11-14,
320,20,2,您收到一条项目邀请,10,0,2019-11-15,
321,21,2,您收到一条项目邀请,10,0,2019-11-16,
322,22,2,您收到一条项目邀请,10,0,2019-11-17,
323,23,2,您收到一条项目邀请,10,0,2019-11-18,
324,24,2,您收到一条项目邀请,10,0,2019-11-19,
325,25,2,您收到一条项目邀请,10,0,2019-11-20,
326,26,2,您收到一条项目邀请,10,0,2019-11-21,
327,27,2,您收到一条项目邀请,10,0,2019-11-22,
328,28,2,您收到一条项目邀请,10,0,2019-11-23,
329,29,2,您收到一条项目邀请,10,0,2019-11-24,
330,30,2,您收到一条项目邀请,10,0,2019-11-25,
331,31,2,您收到一条项目邀请,10,0,2019-11-26,
332,32,2,您收到一条项目邀请,10,0,2019-11-27,
333,33,2,您收到一条项目邀请,10,0,2019-11-28,
334,34,2,您收到一条项目邀请,10,0,2019-11-29,
335,35,2,您收到一条项目邀请,10,0,2019-11-30,
336,36,2,您收到一条项目邀请,10,0,2019-12-01,
337,37,2,您收到一条项目邀请,10,0,2019-12-02,
338,38,2,您收到一条项目邀请,10,0,2019-12-03,
339,39,2,您收到一条项目邀请,10,0,2019-12-04,
340,40,2,您收到一条项目邀请,10,0,2019-12-05,
341,41,2,您收到一条项目邀请,10,0,2019-12-06,
342,42,2,您收到一条项目邀请,10,0,2019-12-07,
343,43,2,您收到一条项目邀请,10,0,2019-12-08,
344,44,2,您收到一条项目邀请,10,0,2019-12-09,
345,45,2,您收到一条项目邀请,10,0,2019-12-10,
346,46,2,您收到一条项目邀请,10,0,2019-12-11,
347,47,2,您收到一条项目邀请,10,0,2019-12-12,
348,48,2,您收到一条项目邀请,10,0,2019-12-13,
349,49,2,您收到一条项目邀请,10,0,2019-12-14,
350,50,2,您收到一条项目邀请,10,0,2019-12-15,
351,51,2,您收到一条项目邀请,10,0,2019-12-16,
352,52,2,您收到一条项目邀请,10,0,2019-12-17,
353,53,2,您收到一条项目邀请,10,0,2019-12-18,
354,54,2,您收到一条项目邀请,10,0,2019-12-19,
355,55,2,您收到一条项目邀请,10,0,2019-12-20,
356,56,2,您收到一条项目邀请,10,0,2019-12-21,
357,57,2,您收到一条项目邀请,10,0,2019-12-22,
358,58,2,您收到一条项目邀请,10,0,2019-12-23,
359,59,2,您收到一条项目邀请,10,0,2019-12-24,
360,60,2,您收到一条项目邀请,10,0,2019-12-25,
361,61,2,您收到一条项目邀请,10,0,2019-12-26,
362,62,2,您收到一条项目邀请,10,0,2019-12-27,
363,63,2,您收到一条项目邀请,10,0,2019-12-28,
364,64,2,您收到一条项目邀请,10,0,2019-12-29,
365,65,2,您收到一条项目邀请,10,0,2019-12-30,
366,66,2,您收到一条项目邀请,10,0,2019-12-31,
367,67,2,您收到一条项目邀请,10,0,2020-01-01,
368,68,2,您收到一条项目邀请,10,0,2020-01-02,
369,69,2,您收到一条项目邀请,10,0,2020-01-03,
370,70,2,您收到一条项目邀请,10,0,2020-01-04,
371,71,2,您收到一条项目邀请,10,0,2020-01-05,
372,72,2,您收到一条项目邀请,10,0,2020-01-06,
373,73,2,您收到一条项目邀请,10,0,2020-01-07,
374,74,2,您收到一条项目邀请,5,0,2020-01-08,
375,75,2,您收到一条项目邀请,5,0,2020-01-09,
376,76,2,您收到一条项目邀请,5,0,2020-01-10,
377,77,2,您收到一条项目邀请,5,0,2020-01-11,
378,78,2,您收到一条项目邀请,5,0,2020-01-12,
379,79,2,您收到一条项目邀请,5,0,2020-01-13,
380,80,2,您收到一条项目邀请,5,0,2020-01-14,
381,81,2,您收到一条项目邀请,5,0,2020-01-15,
382,82,2,您收到一条项目邀请,5,0,2020-01-16,
383,83,2,您收到一条项目邀请,5,0,2020-01-17,
384,84,2,您收到一条项目邀请,5,0,2020-01-18,
385,85,2,您收到一条项目邀请,5,0,2020-01-19,
386,86,2,您收到一条项目邀请,5,0,2020-01-20,
387,87,2,您收到一条项目邀请,5,0,2020-01-21,
388,88,2,您收到一条项目邀请,5,0,2020-01-22,
389,89,2,您收到一条项目邀请,5,0,2020-01-23,
390,90,2,您收到一条项目邀请,5,0,2020-01-24,
391,91,2,您收到一条项目邀请,5,0,2020-01-25,
392,92,2,您收到一条项目邀请,5,0,2020-01-26,
393,93,2,您收到一条项目邀请,5,0,2020-01-27,
394,94,2,您收到一条项目邀请,5,0,2020-01-28,
395,95,2,您收到一条项目邀请,5,0,2020-01-29,
396,96,2,您收到一条项目邀请,5,0,2020-01-30,
397,97,2,您收到一条项目邀请,5,0,2020-01-31,
398,98,2,您收到一条项目邀请,5,0,2020-02-01,
399,99,2,您收到一条项目邀请,5,0,2020-02-02,
400,100,2,您收到一条项目邀请,5,0,2020-02-03,